{
  "CCA": {
    "mean_acc": 0.8083333333333333,
    "std_acc": 0.19425784697435292,
    "per_subject": [
      0.45,
      0.4444444444444444,
      0.8222222222222222,
      0.9944444444444445,
      0.7777777777777778,
      0.9666666666666667,
      0.9055555555555556,
      1.0,
      0.9055555555555556,
      0.8166666666666667
    ],
    "mean_itr_bpm": 53.20703441326427
  },
  "FBCCA": {
    "mean_acc": 0.8433333333333334,
    "std_acc": 0.19270331575049396,
    "per_subject": [
      0.46111111111111114,
      0.5277777777777778,
      0.8444444444444444,
      0.9888888888888889,
      0.7277777777777777,
      1.0,
      0.95,
      1.0,
      0.9777777777777777,
      0.9555555555555556
    ],
    "mean_itr_bpm": 58.00103259345113
  },
  "TRCA": {
    "mean_acc": 0.9916666666666668,
    "std_acc": 0.01795914430582735,
    "per_subject": [
      0.9944444444444445,
      0.9388888888888889,
      1.0,
      1.0,
      1.0,
      1.0,
      0.9888888888888889,
      1.0,
      1.0,
      0.9944444444444445
    ],
    "mean_itr_bpm": 83.67850216570494
  }
}